{
  "slug": "AdSynth",
  "name": "AdSynth",
  "version": "1.0.0",
  "license": "wtfpl",
  "brand": "AdSynth",
  "author": "AdSynth",
  "authorEmail": "",
  "authorUrl": "",
  "pluginUrl": "",
  "manualUrl": "",
  "sourceUrl": "",
  "donateUrl": "",
  "changelogUrl": "",
  "modules": [
    {
      "slug": "triggerburst",
      "name": "Trigger Burst",
      "description": "Generates triggers with fixed or CV modulated frequency x3, then outputs it sum",
      "tags": [
        "Clock generator"
      ]
    },
    {
      "slug": "Adsynth_Mult8",
      "name": "Mult8",
      "description": "",
      "tags": [
        "multiple",
        "utility"
      ]
    },
    {
      "slug": "Adsynth_2mult4",
      "name": "2mult4",
      "description": "",
      "tags": [
        "multiple",
        "utility"
      ]
    },
    {
      "slug": "Adsynth_Logic",
      "name": "Logic",
      "description": "",
      "tags": [
        "logic",
        "utility"
      ]
    },
    {
      "slug": "Adsynth_5xVCA",
      "name": "5xVCA",
      "description": "5x linear VCA",
      "tags": [
        "attenuator",
        "vca"
      ]
    },
    {
      "slug": "Adsynth_Miniseq",
      "name": "Miniseq",
      "description": "8 step sequencer",
      "tags": []
    },
    {
      "slug": "Adsynth_Offset",
      "name": "Offset",
      "description": "DC offset",
      "tags": []
    },
    {
      "slug": "Adsynth_Stripmix",
      "name": "Stripmix",
      "description": "mixer",
      "tags": []
    },
    {
      "slug": "Adsynth_StereoVCA",
      "name": "Stereo VCA",
      "description": "4 x dual stereo linked VCA",
      "tags": [
        "VCA"
      ]
    },
    {
      "slug": "Adsynth_MiniLFO",
      "name": "MiniLFO",
      "description": "",
      "tags": []
    },
    {
      "slug": "Adsynth_MiniOSC",
      "name": "MiniOSC",
      "description": "",
      "tags": []
    },
    {
      "slug": "Adsynth_uPots",
      "name": "uPots",
      "description": "2hp Attenuators",
      "tags": [
        "vca"
      ]
    },
    {
      "slug": "Adsynth_uEnv",
      "name": "uEnv",
      "description": "2hp envelope generator",
      "tags": []
    },
    {
      "slug": "Adsynth_filter",
      "name": "filter",
      "description": "",
      "tags": []
    },
    {
      "slug": "Adsynth_VUvca",
      "name": "VUvca",
      "description": "",
      "tags": []
    }
  ]
}